EAN;Preco
7896098900208;R$1,99
7891022638004;R$2,49
7891022640007;R$2,49
7891022639001;R$2,49
7896098900239;R$2,49
7896098900253;R$2,89
7896098900215;R$2,89
7896098900222;R$2,89
7896098900277;R$2,89
7500435141987;R$2,89
7891022860955;R$14,49
7891040204465;R$8,99
7891022100938;R$8,99
7891040222476;NÃO ENCONTRADO
7891022101003;NÃO ENCONTRADO
7896013105657;NÃO ENCONTRADO
7896013100669;R$1,99
7896013100386;R$1,99
7896221600012;R$3,49
7891022100280;R$2,59
7891022100990;R$5,99
7891022080025;R$5,99
7897744501176;NÃO ENCONTRADO
7891024193006;R$9,79
7891024195307;R$9,79
7896098903308;NÃO ENCONTRADO
7894650013502;R$7,59
7897000800814;R$7,59
7896098900604;R$14,99
7891035525230;R$6,29
7891035618567;NÃO ENCONTRADO
7896098905906;NÃO ENCONTRADO
7896098905975;NÃO ENCONTRADO
7898031174653;R$3,39
7896098905982;R$3,39
7896098906019;NÃO ENCONTRADO
7891035040269;R$6,69
7891035325618;R$6,69
7891035040436;R$14,99
7894650003374;R$10,99
7891035032004;R$34,99
7894650020074;R$34,99
7896013100324;R$9,99
7896013100331;R$5,29
7896110000176;R$5,29
7896110008653;NÃO ENCONTRADO
7896110012261;NÃO ENCONTRADO
7898962794142;NÃO ENCONTRADO
7896110004679;NÃO ENCONTRADO
7898962794166;R$18,99
7896061916106;R$18,99
7896110010724;NÃO ENCONTRADO
7896006413851;R$6,29
7896006400011;R$6,29
7898905100023;NÃO ENCONTRADO
7898956358015;NÃO ENCONTRADO
7891035800214;R$5,69
7891035285165;R$5,69
7891035285172;R$5,69
7891035249228;R$5,69
7891035001956;R$8,19
7891035000270;NÃO ENCONTRADO
7891035800207;NÃO ENCONTRADO
7891150090804;NÃO ENCONTRADO
7891150034341;NÃO ENCONTRADO
7891022471007;NÃO ENCONTRADO
7891022861044;NÃO ENCONTRADO
7891150000971;R$10,99
7500435115827;R$10,99
7506339332643;NÃO ENCONTRADO
7896013106319;NÃO ENCONTRADO
7500435153850;NÃO ENCONTRADO
7506195143858;NÃO ENCONTRADO
7500435201292;R$13,89
7500435243612;R$13,89
7896013107637;R$13,89
7896013103585;R$13,89
7896013106371;NÃO ENCONTRADO
7896013109167;NÃO ENCONTRADO
7891150097544;R$3,49
7898031174684;R$3,49
7891150064522;R$3,39
7891150064539;R$3,39
7898031174691;R$17,99
7891150086951;R$17,99
7500435115315;R$3,39
7500435141994;R$49,99
7891150067219;R$49,99
7891150091016;R$7,99
7891150064935;R$7,99
7896098905999;R$15,99
7896015520045;R$15,99
7891024134702;R$6,19
7896007540617;R$6,19
7896007540662;R$5,29
7500435127226;R$5,29
7500435127240;R$5,99
7891024136409;R$5,99
7500435157476;NÃO ENCONTRADO
7702018874729;R$26,49
7702018874781;R$26,49
7891024115107;R$26,49
4005900521934;R$26,49
7891024114674;R$2,39
7500435134415;R$2,39
7896005202074;R$4,69
7898932426042;R$4,69
7896038360192;R$3,29
7896228332237;R$3,29
7896116900623;NÃO ENCONTRADO
7896481130137;NÃO ENCONTRADO
7898733003008;NÃO ENCONTRADO
7896005232705;R$6,29
7896228329992;R$6,29
618341060036;NÃO ENCONTRADO
7894000010021;R$12,29
7896490288775;R$12,29
7896038388059;R$8,49
7898257600363;R$8,49
7898257600752;NÃO ENCONTRADO
7898257600387;NÃO ENCONTRADO
7898617581721;NÃO ENCONTRADO
619205706367;R$7,39
8001420001624;R$7,39
7893500024996;NÃO ENCONTRADO
7896038308057;R$5,99
7893500020110;R$5,99
7893500020301;R$7,99
7892840820381;R$7,99
7893595196615;R$9,49
7896005801819;R$9,49
7896005800027;R$18,99
7896005810484;R$18,99
7896348300901;NÃO ENCONTRADO
618231864942;NÃO ENCONTRADO
7896348300895;R$6,59
618231865000;R$6,59
7891000184004;R$9,99
7891091011616;R$9,99
7891021001885;R$36,99
7891021006309;R$36,99
7891021006071;R$33,99
7896089089912;R$33,99
7891021007078;R$16,99
7891021006088;R$16,99
7891091017007;R$18,99
7891091011647;R$18,99
7891021006927;R$34,99
7891000307120;R$34,99
7896005809495;R$6,59
7896045104499;R$6,59
7891021007344;R$6,99
7898286200039;NÃO ENCONTRADO
7896089089943;NÃO ENCONTRADO
7891091011906;NÃO ENCONTRADO
7896045104482;R$6,99
7896045101658;R$6,99
7896045101665;R$28,99
7891021005562;R$28,99
7898286200060;R$30,99
7896045112968;R$5,99
7896089089905;R$5,99
7896005802892;R$22,99
7896005800362;R$22,99
7896224800594;R$18,99
7896005800850;R$35,99
609963911271;R$24,99
7896045113309;R$12,99
7891000109908;R$12,99
7898403782011;R$27,99
7898403782387;NÃO ENCONTRADO
7898403782394;NÃO ENCONTRADO
7891000285015;R$24,89
7896048706003;R$24,89
7793940563003;R$7,79
7891000399132;R$7,79
7898215157434;NÃO ENCONTRADO
7896048706126;R$18,79
7891000395943;R$18,79
7898215157403;R$8,29
7898215157441;R$8,29
7898215151708;R$8,29
7898215151722;R$6,99
7898215151760;R$6,99
7891000070765;NÃO ENCONTRADO
7898403782929;NÃO ENCONTRADO
7891000285091;NÃO ENCONTRADO
7793940463006;NÃO ENCONTRADO
7891000101506;R$23,99
7891000251638;R$23,99
7896005030356;R$27,99
7896213006358;R$5,59
7896213006266;R$6,39
7896213006235;R$6,29
7896024761729;R$5,69
7896080872032;R$5,19
7896213006242;R$5,99
7891000102626;R$5,99
7892840815769;R$4,59
7892840815783;R$4,59
7892840815752;R$4,59
7891000356791;R$4,59
7896004007632;R$17,99
7891000070673;R$4,49
7891000319505;NÃO ENCONTRADO
7891000098950;NÃO ENCONTRADO
7894321722016;R$2,69
7891048000427;R$2,69
7898286200978;NÃO ENCONTRADO
7891000101926;NÃO ENCONTRADO
7891025201786;NÃO ENCONTRADO
7894321242521;R$2,69
7891000081501;R$2,69
7891000110829;R$11,99
7896213004743;R$4,69
7891962053202;R$4,69
7891962053189;R$7,49
7891962000268;R$6,79
7891048038055;NÃO ENCONTRADO
7898286200091;NÃO ENCONTRADO
7898286200107;NÃO ENCONTRADO
7898286200138;NÃO ENCONTRADO
7896224803106;NÃO ENCONTRADO
7891095028337;R$4,89
7892840815776;R$4,89
7891150071780;R$7,99
7898409951848;NÃO ENCONTRADO
7891000369340;R$6,89
7891150055070;R$6,89
7891000111161;R$14,49
7891150068285;R$14,49
7898152991580;R$15,99
7898152992167;R$15,99
7896205752379;R$21,99
7896213006730;R$12,29
7896213006761;R$4,49
7896213006785;R$4,89
7898152998916;R$4,49
7898152998930;R$20,99
7898152990170;R$18,99
7898152992273;R$15,99
7896038306190;R$5,99
7896038311194;R$5,99
8001250120113;R$5,99
7896213006778;R$4,49
7898669450358;R$4,49
7898152990163;R$15,99
8001250120120;R$15,99
7898097961020;R$12,99
7898152992181;R$12,99
7891079013106;R$15,99
7896038314195;R$5,99
8001250120243;R$5,99
7898669450334;NÃO ENCONTRADO
7898152990156;NÃO ENCONTRADO
7898152990408;R$29,99
8001250120410;R$29,99
7896213000059;R$8,99
7896213002923;R$8,99
7898152997018;R$7,99
7891079001011;R$14,99
7891079013038;R$2,39
7891079001004;R$4,99
7891079012048;R$2,39
7891079011515;NÃO ENCONTRADO
7891079013052;R$4,99
7896213005184;R$4,99
7896213005160;R$1,69
7898617581745;R$1,69
7898617580175;NÃO ENCONTRADO
7898932426158;NÃO ENCONTRADO
7896102500844;R$4,69
7896102500899;R$4,69
7896102517132;NÃO ENCONTRADO
7896102500837;R$4,79
7891031112304;R$4,79
7898932426455;NÃO ENCONTRADO
7891167011731;R$10,99
7891167014015;R$10,99
7891167011748;R$8,49
7891167011755;R$8,49
7891167022010;R$10,99
7891167831650;R$13,99
7891167021013;R$7,69
7891167036888;R$6,69
7622300830151;R$4,59
7622300873554;R$4,59
7891000089194;R$4,59
7891962056500;R$5,29
7891962056678;R$9,59
7891000241295;R$8,99
7891962003894;R$1,79
7896024761415;R$1,79
7891000376959;R$2,99
7891000376881;R$3,59
7891000376928;R$3,59
7891000377017;R$3,59
7896213005887;R$1,49
7891962050072;R$1,49
7891000241356;R$3,99
7891000376843;R$3,59
7891000089231;R$3,59
7891962007359;R$5,29
7891000304877;NÃO ENCONTRADO
7891962050089;R$3,99
7891000289747;R$3,99
7891000376768;R$3,59
7896213005924;R$3,59
7891962050065;R$1,49
7891000376805;R$3,99
7891000089279;R$5,29
7891000889701;R$5,29
7896024761408;R$2,99
7891000377130;R$2,99
7891000089255;NÃO ENCONTRADO
7896024726827;R$3,79
7891962069043;R$3,79
7891962071732;R$9,59
7891000372586;R$1,99
7891962071756;R$4,99
7896213006051;R$1,49
7891962071763;R$1,49
7891000077924;R$1,99
7896213006044;R$1,49
7891000373262;R$1,49
7891962071749;R$1,99
7896213006099;R$1,99
7891000329207;R$1,49
7891000364253;R$4,99
7891962054100;R$4,99
7891962054117;R$6,79
7891962054124;R$6,79
7891000247624;R$6,79
7891962054803;NÃO ENCONTRADO
7891962054476;NÃO ENCONTRADO
7622210661746;R$7,59
7891000285176;R$7,59
7891000339558;NÃO ENCONTRADO
7896063285248;NÃO ENCONTRADO
7891962031170;R$2,29
7891962015620;R$2,29
7891962000725;R$2,29
25384;R$2,29
7891962037226;NÃO ENCONTRADO
7891962067346;R$2,29
7891000051436;R$2,29
7891000304792;NÃO ENCONTRADO
3800205875208;NÃO ENCONTRADO
3800205873358;NÃO ENCONTRADO
7891962060361;R$3,79
7896213006389;R$3,79
7891000365335;R$5,99
7893377990448;NÃO ENCONTRADO
7899085123970;NÃO ENCONTRADO
7898069841015;NÃO ENCONTRADO
7891575215929;NÃO ENCONTRADO
7891575215912;NÃO ENCONTRADO
7898130371205;NÃO ENCONTRADO
7896061823152;NÃO ENCONTRADO
7893330100075;NÃO ENCONTRADO
7896213006396;R$5,89
7897935301226;R$5,89
7897935312161;NÃO ENCONTRADO
7892840267841;R$3,39
7892840267940;R$3,39
7622210641632;R$3,39
7897935301196;R$6,49
7622300990701;R$6,49
7896024760241;R$6,49
7898069841060;NÃO ENCONTRADO
751320839763;NÃO ENCONTRADO
7896005030578;R$5,59
7897935301141;R$5,59
7897935301189;NÃO ENCONTRADO
7897935301080;NÃO ENCONTRADO
7896213004842;R$5,99
751320839732;R$5,99
7891962045160;NÃO ENCONTRADO
7622210644534;R$6,49
7891000241370;R$6,49
7891962068039;R$4,49
7622210641151;R$6,49
7891000289709;R$6,49
7622210661777;NÃO ENCONTRADO
7896213006419;NÃO ENCONTRADO
7891962035451;NÃO ENCONTRADO
7896213006426;R$5,89
7898257600066;R$5,89
7898257600455;NÃO ENCONTRADO
78907478;NÃO ENCONTRADO
78917125;NÃO ENCONTRADO
7896423405491;NÃO ENCONTRADO
7891000248768;R$5,79
7891000248829;R$5,79
3046920028363;R$5,79
7899970400988;NÃO ENCONTRADO
7622210674050;R$9,99
7622210674319;R$9,99
7622210674357;R$9,99
7622210674432;R$9,99
7891000368626;R$9,99
7891000368572;R$11,59
7899970402876;R$11,59
7891008124170;R$7,49
7899970402821;R$7,49
7891000349779;R$7,49
7622210833389;R$6,99
7891008121827;R$6,99
7899970402814;R$7,49
7891000249239;R$7,49
7891008123975;R$5,79
78912359;R$9,99
7899970400407;R$1,99
7899970402852;R$7,49
7896423445893;R$7,49
78907355;NÃO ENCONTRADO
7622210575630;R$9,99
7891000349724;R$9,99
7622210673831;R$9,99
78912366;R$9,99
7891000462300;NÃO ENCONTRADO
7891000460214;NÃO ENCONTRADO
7622300988470;R$4,99
7622210596413;R$4,99
7896423420180;R$13,49
78940734;R$4,49
78940741;NÃO ENCONTRADO
7896423497984;NÃO ENCONTRADO
7896423481853;NÃO ENCONTRADO
7896262304306;NÃO ENCONTRADO
7891000464908;NÃO ENCONTRADO
7896423480894;R$4,29
7891008116632;R$4,29
7622300988517;R$13,99
7896423456431;R$4,99
7622210575999;R$6,99
78909434;R$6,99
7622210411501;R$12,49
7622210566409;R$3,69
78930223;R$4,99
7891000092606;NÃO ENCONTRADO
78939301;R$1,99
78939318;R$1,99
7891000251133;R$1,99
7891000295304;NÃO ENCONTRADO
7622210732316;R$17,49
7895144892931;R$17,49
7895144859934;R$2,19
7895800304228;R$3,29
7895800304211;R$3,29
7895800309780;R$3,29
7895800304235;R$3,29
8003440991800;NÃO ENCONTRADO
78922334;NÃO ENCONTRADO
7895144207599;NÃO ENCONTRADO
7895144693088;NÃO ENCONTRADO
7895144892825;R$2,19
7895144207469;R$2,19
7622210563538;R$4,99
78922327;R$4,99
7895144603063;NÃO ENCONTRADO
7895144893730;R$2,19
7895800201503;R$2,19
7895800430002;R$3,29
78922310;R$3,29
7898279790400;R$12,99
7895144605685;NÃO ENCONTRADO
7896423419283;NÃO ENCONTRADO
8410525159619;NÃO ENCONTRADO
7898279792077;NÃO ENCONTRADO
7896336006624;NÃO ENCONTRADO
7895144400341;R$11,89
7898279790776;R$11,89
7896058500745;NÃO ENCONTRADO
7895144125114;NÃO ENCONTRADO
7898591455001;NÃO ENCONTRADO
78938793;R$1,99
78938830;R$1,99
7898024397915;R$1,99
7898024397625;R$5,29
80853671;R$23,99
7895144603148;R$17,99
7895144208442;NÃO ENCONTRADO
80761761;R$11,29
17622210878967;R$11,29
7898024397618;R$23,99
7898115900116;R$23,99
7898279795061;R$6,49
7896262304351;R$6,49
7898279794859;R$2,79
78938847;R$6,49
78938854;R$1,99
7622210575975;R$6,99
7898591451591;R$6,99
7895144603223;NÃO ENCONTRADO
7896058500721;NÃO ENCONTRADO
7898115900178;NÃO ENCONTRADO
7896058599398;NÃO ENCONTRADO
7898279790417;NÃO ENCONTRADO
